{
  "scale_hat": 0.6261878165559371,
  "beta_hat": 0.14883064076312677,
  "coverage": 1.0,
  "tail_rel_n1_true": 0.506795049311273,
  "tail_rel_n2_true": 0.2383207459633655,
  "tail_rel_n3_true": 0.0863498379458154,
  "tail_rel_n1_bound": 0.7208076786472576,
  "tail_rel_n2_bound": 0.36070372701281755,
  "tail_rel_n3_bound": 0.18409401751981547
}